id,plan,username,last_login_date,expire_date
1000,free,barnetttodd,2023-08-21,2024-08-27
1001,full,laura85,2023-09-27,2024-02-05
1002,basic,kathleenschaefer,2020-12-20,2023-11-24
1003,basic,kevin92,2022-03-27,2023-12-01
1004,basic,hpollard,2022-10-06,2024-02-23
1005,basic,jensenleslie,2022-02-20,2024-02-28
1006,basic,lramirez,2022-05-19,2024-06-18
1007,basic,jasonmartin,2021-04-06,2023-12-18
1008,full,pkim,2022-02-08,2024-06-01
1009,basic,phillip74,2022-08-16,2024-06-06
1010,free,kelleyronald,2020-11-19,2024-09-17
1011,free,garciajacqueline,2022-05-27,2024-02-09
1012,basic,mpowers,2022-06-19,2024-03-09
1013,full,msmith,2020-10-19,2024-05-04
1014,free,watersdavid,2023-07-27,2024-01-22
1015,full,mark78,2022-07-08,2024-07-06
1016,free,sarah87,2021-07-15,2024-08-09
1017,free,carlyhunt,2022-04-01,2024-08-12
1018,full,zlove,2021-05-16,2024-02-27
1019,free,jasonsmith,2022-07-07,2024-04-30
1020,full,simonalison,2022-01-09,2024-04-07
1021,basic,mpeters,2022-03-03,2024-06-23
1022,basic,reyesjames,2023-05-13,2023-11-03
1023,free,jennifer53,2021-11-20,2024-01-02
1024,free,lopezkari,2022-12-29,2024-09-22
1025,full,goodwinjacob,2023-02-20,2024-06-29
1026,full,ayersmartha,2022-03-27,2024-05-26
1027,basic,kevinsmith,2023-07-15,2023-10-31
1028,free,douglascrosby,2021-04-29,2024-08-31
1029,free,osherman,2023-02-18,2024-04-17
1030,free,nrogers,2023-08-01,2024-09-18
1031,full,cneal,2022-10-07,2023-12-18
1032,free,thill,2021-01-23,2024-05-25
1033,full,powellgregory,2022-07-30,2024-03-10
1034,full,bennettcynthia,2023-04-17,2023-12-18
1035,free,carterlauren,2021-07-20,2024-04-27
1036,full,jeffery70,2022-07-30,2024-03-27
1037,free,qskinner,2022-02-17,2024-01-13
1038,full,cpatterson,2022-06-27,2024-07-04
1039,free,stevenmorris,2023-06-19,2024-02-24
1040,basic,nathandean,2021-08-30,2024-05-08
1041,basic,jennifer18,2022-03-22,2024-02-07
1042,free,benjaminnelson,2023-03-09,2024-01-08
1043,full,bestjay,2021-01-06,2024-02-22
1044,full,salasmisty,2022-01-08,2024-01-27
1045,basic,wortiz,2022-10-11,2024-08-07
1046,basic,browncarl,2023-05-15,2024-08-10
1047,free,theresa43,2023-08-27,2024-04-21
1048,free,phillipsbarbara,2023-09-22,2024-03-12
1049,full,johnhenry,2022-08-31,2024-04-04
1050,full,julia23,2021-08-02,2023-11-24
1051,full,pwallace,2021-06-25,2024-04-03
1052,free,mirandateresa,2023-08-22,2024-09-27
1053,free,scott34,2022-09-15,2024-02-18
1054,basic,katelynbennett,2021-12-15,2023-12-01
1055,basic,jason13,2023-08-29,2024-05-29
1056,full,zortiz,2021-12-24,2024-05-18
1057,basic,elizabethking,2022-01-24,2024-02-19
1058,free,jeffery87,2023-03-06,2024-04-19
1059,basic,romerocindy,2020-10-29,2023-12-23
1060,free,scottjulie,2021-01-15,2024-09-03
1061,basic,evan09,2021-06-22,2024-04-27
1062,basic,dennischristopher,2023-04-22,2024-08-23
1063,free,alyssa79,2023-09-20,2024-02-03
1064,basic,ashleybrady,2021-10-07,2024-06-04
1065,free,ericabutler,2021-11-07,2024-05-13
1066,basic,crystal96,2022-09-03,2024-05-11
1067,full,wrightsusan,2022-12-11,2024-07-08
1068,full,phillip28,2021-06-21,2024-03-22
1069,full,thomas99,2023-06-16,2024-06-21
1070,full,kathrynmcintyre,2021-06-24,2024-06-13
1071,full,emily38,2021-08-14,2024-02-11
1072,free,tsingh,2022-08-18,2024-09-13
1073,basic,woodsmallory,2023-05-22,2024-01-11
1074,full,stacy37,2023-09-02,2024-07-17
1075,free,ericpreston,2022-09-14,2024-08-28
1076,free,lanerebecca,2021-12-23,2024-09-09
1077,free,sibarra,2023-01-24,2024-04-18
1078,basic,andersontara,2022-03-24,2024-08-15
1079,basic,vasquezashley,2022-12-25,2024-01-12
1080,basic,ashleygilbert,2023-03-20,2023-11-26
1081,full,erika93,2023-03-30,2024-07-13
1082,free,lsmith,2023-06-09,2024-08-18
1083,basic,vweber,2022-07-28,2024-06-08
1084,basic,andres20,2021-09-13,2024-07-14
1085,full,peter73,2023-03-16,2023-11-18
1086,basic,chrisdavila,2021-11-22,2024-08-08
1087,free,bsmith,2022-04-28,2024-03-23
1088,free,crystalfernandez,2023-07-12,2024-04-08
1089,full,christyreeves,2022-12-26,2024-04-21
1090,full,michelledouglas,2021-05-29,2024-05-19
1091,basic,larateresa,2023-05-14,2023-11-20
1092,basic,lesliehubbard,2020-11-19,2024-07-26
1093,free,davisdarrell,2022-08-18,2024-02-29
1094,free,leebrown,2022-12-21,2024-09-22
1095,free,mark83,2023-07-15,2024-04-05
1096,full,huntermedina,2022-03-28,2023-12-25
1097,full,loganjames,2020-10-03,2024-05-18
1098,basic,dickersonheather,2022-07-31,2024-03-05
1099,full,williamhall,2022-02-07,2024-06-09
1100,basic,sheliaolsen,2021-09-02,2024-09-30
1101,free,robertsmark,2021-06-17,2024-05-19
1102,full,johnpetersen,2021-04-19,2023-12-25
1103,full,james54,2021-11-11,2024-05-05
1104,free,stephennelson,2022-02-18,2024-09-10
1105,full,melissa16,2022-12-21,2023-12-22
1106,basic,charles04,2022-10-18,2023-11-20
1107,basic,thomasarias,2022-08-23,2023-11-10
1108,full,michellesparks,2023-03-02,2024-08-30
1109,free,pbaker,2022-05-02,2024-03-30
1110,free,crystal82,2023-02-15,2024-09-29
1111,full,carla87,2022-02-27,2023-11-10
1112,basic,johnsonsteve,2022-12-27,2024-03-12
1113,full,morrisondonald,2023-01-05,2024-04-03
1114,free,burtongrace,2021-05-10,2024-06-19
1115,free,ashleysparks,2023-08-21,2024-02-25
1116,full,alexandriapage,2021-01-23,2024-02-27
1117,free,myersvirginia,2023-03-02,2023-12-31
1118,basic,jamescastro,2021-09-11,2023-12-21
1119,full,stephanie52,2021-04-20,2024-02-27
1120,full,traceymcknight,2023-05-20,2024-06-11
1121,full,iholland,2023-05-31,2023-12-18
1122,basic,pdoyle,2023-04-10,2024-07-28
1123,full,mswanson,2020-12-05,2024-08-17
1124,free,candersen,2021-07-07,2024-08-01
1125,free,colemanwhitney,2021-02-24,2024-02-20
1126,basic,lincaitlin,2021-02-04,2024-07-13
1127,full,phillip28,2021-11-13,2024-04-25
1128,free,wmarshall,2023-08-02,2024-04-27
1129,basic,cooperalex,2021-07-13,2024-07-13
1130,basic,cohenbianca,2022-07-21,2024-02-05
1131,full,michaelmaxwell,2023-09-06,2024-08-30
1132,basic,grossrebecca,2022-08-16,2024-06-25
1133,basic,eweiss,2021-02-22,2024-08-14
1134,full,staceynielsen,2022-06-04,2024-02-25
1135,full,brendanrobinson,2021-11-19,2024-01-20
1136,basic,thomasjane,2021-01-30,2024-09-01
1137,basic,hannah56,2022-12-24,2024-08-05
1138,basic,fdean,2022-03-15,2024-07-29
1139,basic,stephanie64,2023-04-08,2024-09-29
1140,free,dalvarez,2021-10-27,2024-05-08
1141,full,jennifer11,2022-10-09,2023-12-26
1142,free,thomassavannah,2022-02-06,2024-09-27
1143,free,hallhannah,2020-12-13,2024-09-20
1144,full,pjones,2021-03-06,2024-06-26
1145,full,lyonsdylan,2023-04-16,2024-05-20
1146,basic,jennifer73,2023-04-08,2024-01-12
1147,free,ymurray,2022-07-08,2024-01-07
1148,full,christinadixon,2023-04-07,2024-09-08
1149,basic,caitlinjackson,2023-08-19,2024-07-21
1150,free,emma89,2022-04-05,2024-08-21
1151,free,mbrown,2021-10-27,2024-04-08
1152,free,kennethandrews,2021-01-21,2024-03-30
1153,free,patricia93,2020-10-21,2024-03-09
1154,free,imorales,2023-05-03,2024-05-13
1155,free,mitchelldeanna,2023-06-18,2024-03-19
1156,full,sarah22,2021-12-19,2023-12-21
1157,free,nicoleclark,2021-03-24,2024-04-01
1158,basic,joseph56,2020-12-09,2024-04-08
1159,basic,seanwilson,2022-05-04,2024-06-15
1160,free,moonnicholas,2021-10-30,2024-01-24
1161,basic,mary22,2022-12-24,2024-02-14
1162,free,markgreen,2020-10-18,2024-03-23
1163,basic,erinbrown,2021-12-02,2024-03-31
1164,free,simmonschelsea,2021-05-09,2024-02-20
1165,full,michelle59,2021-11-27,2024-02-12
1166,full,kjohnston,2022-07-11,2024-07-09
1167,full,miranda30,2020-10-06,2024-07-03
1168,basic,ryanprice,2023-02-10,2024-08-09
1169,basic,sherrisloan,2022-01-31,2024-01-21
1170,basic,wangtracy,2022-07-25,2024-08-20
1171,basic,curtisklein,2021-03-15,2023-11-16
1172,full,josemurphy,2022-03-13,2023-12-09
1173,basic,elizabethjones,2020-09-30,2024-02-12
1174,basic,wmiles,2022-08-28,2023-12-10
1175,basic,ellisanthony,2021-08-15,2024-03-28
1176,full,johnstonrodney,2022-08-17,2024-09-20
1177,full,daniellegriffin,2023-01-11,2024-04-02
1178,basic,rachel08,2023-02-07,2024-05-07
1179,full,catherine72,2023-05-18,2023-11-07
1180,free,taylormitchell,2023-09-26,2024-04-13
1181,full,robertdavis,2020-11-14,2024-07-27
1182,free,jeffrey55,2022-02-10,2024-02-11
1183,free,jennifer34,2022-09-05,2024-04-05
1184,free,jeffreycohen,2023-01-24,2024-04-30
1185,basic,kellyowen,2022-05-14,2024-03-11
1186,free,amyroberts,2021-09-29,2024-09-24
1187,free,ryan99,2022-03-05,2024-04-01
1188,free,andrew04,2022-09-12,2024-09-10
1189,basic,amypeck,2023-03-10,2024-07-05
1190,free,kristasims,2023-02-17,2024-09-12
1191,basic,ncruz,2023-04-19,2024-06-07
1192,free,christina01,2020-10-09,2024-07-26
1193,free,qhuynh,2022-03-25,2024-07-07
1194,free,donald74,2021-01-30,2024-06-17
1195,full,dellison,2022-08-27,2024-06-03
1196,free,james20,2021-04-02,2024-09-18
1197,full,hpatterson,2020-11-17,2024-07-02
1198,full,jknight,2023-03-11,2024-05-06
1199,full,leonmahoney,2021-09-16,2023-12-30
1200,full,murphykrista,2021-06-07,2024-01-02
1201,full,david67,2021-05-05,2024-06-27
1202,free,flang,2022-07-12,2024-09-02
1203,free,reginaweaver,2022-05-24,2024-02-12
1204,full,ymorales,2021-10-11,2024-05-14
1205,free,mannsarah,2021-02-11,2024-02-29
1206,free,martinsara,2022-09-05,2024-07-11
1207,free,wsteele,2022-07-12,2024-09-06
1208,free,brett66,2022-09-22,2024-01-20
1209,full,cartermichael,2021-05-18,2024-04-30
1210,full,michaelharrison,2021-01-12,2024-06-20
1211,full,sara60,2023-05-30,2024-01-14
1212,full,davidgonzales,2021-09-30,2023-12-10
1213,free,noah52,2021-09-14,2024-07-03
1214,free,angelasmith,2022-12-26,2024-01-31
1215,basic,laurasmith,2021-01-01,2024-04-17
1216,free,john46,2021-02-17,2024-05-20
1217,full,michele70,2021-09-04,2024-04-06
1218,full,csnyder,2021-03-19,2024-06-21
1219,free,mpatterson,2021-08-09,2024-04-01
1220,full,alexcooper,2021-10-04,2024-04-24
1221,basic,ijackson,2021-08-21,2024-08-07
1222,full,jessicacummings,2022-08-23,2024-09-26
1223,basic,deborahnguyen,2023-08-15,2023-11-17
1224,free,christopher26,2022-08-08,2024-07-01
1225,full,michael71,2022-11-13,2024-02-21
1226,basic,chandlerjill,2020-11-20,2024-09-04
1227,free,jasonmartin,2023-02-03,2024-04-01
1228,free,jose89,2022-11-02,2024-03-05
1229,free,tammy58,2023-05-16,2024-01-08
1230,full,michael37,2021-09-10,2024-04-30
1231,basic,nhardy,2021-07-07,2024-03-29
1232,basic,gmurray,2020-10-19,2024-09-13
1233,full,tyrone04,2022-03-27,2023-12-29
1234,basic,erik22,2020-10-28,2024-03-23
1235,free,christiejuarez,2022-03-14,2024-01-05
1236,basic,morasteven,2022-11-29,2024-09-04
1237,basic,chasenatalie,2021-03-13,2023-11-27
1238,free,cdelacruz,2021-06-27,2024-09-16
1239,basic,westjoshua,2022-11-03,2024-04-17
1240,basic,ibradshaw,2021-06-11,2024-03-20
1241,free,tranwayne,2023-02-19,2024-05-10
1242,free,amywalker,2020-11-30,2024-07-11
1243,free,allenkelly,2020-11-04,2024-06-13
1244,free,judith18,2023-04-27,2024-04-23
1245,basic,courtneyanderson,2022-05-20,2024-05-06
1246,basic,nrichmond,2023-05-08,2024-05-03
1247,basic,samanthaparker,2023-05-21,2024-05-01
1248,full,brandonthompson,2021-12-23,2024-07-22
1249,full,patriciapacheco,2021-05-17,2024-05-28
1250,full,fking,2023-06-21,2024-03-25
1251,free,robertcampbell,2022-01-26,2024-07-26
1252,free,josephphillips,2023-08-06,2024-03-12
1253,free,davidcox,2021-12-15,2024-04-14
1254,basic,cjohnson,2023-08-06,2024-09-12
1255,full,stephaniesmith,2021-05-14,2024-06-04
1256,basic,meadowstimothy,2021-03-14,2024-06-10
1257,free,sballard,2021-08-21,2024-02-13
1258,full,harrislisa,2023-06-17,2024-06-30
1259,free,xhoffman,2022-02-26,2024-09-17
1260,full,jeremy02,2021-02-16,2024-04-17
1261,basic,james62,2023-08-19,2024-08-29
1262,full,ryanmedina,2022-01-16,2024-01-29
1263,full,emilymcclure,2022-08-08,2024-04-07
1264,basic,jasonperez,2022-09-18,2024-07-25
1265,free,jacqueline96,2021-01-26,2024-05-09
1266,full,steinamanda,2022-04-16,2024-03-03
1267,free,matthewclark,2021-07-11,2024-02-08
1268,free,janderson,2021-11-02,2024-02-21
1269,basic,iortiz,2021-07-14,2024-07-19
1270,free,zjohnson,2022-07-22,2024-09-16
1271,basic,hbailey,2023-08-14,2024-01-01
1272,basic,garciarobert,2021-12-23,2024-02-23
1273,basic,ytyler,2021-01-08,2024-08-14
1274,full,jackpage,2021-06-19,2024-09-12
1275,free,rramsey,2021-03-10,2024-06-21
1276,full,rubiojames,2021-05-26,2023-11-02
1277,basic,herbert44,2021-05-23,2024-01-29
1278,free,jacksonangela,2023-07-08,2024-07-06
1279,basic,michaelgutierrez,2021-08-13,2024-02-28
1280,free,vharris,2022-08-18,2024-07-13
1281,full,jessicamoore,2023-08-01,2023-12-03
1282,free,brittney70,2023-07-22,2024-03-27
1283,free,hayden00,2023-06-04,2024-07-04
1284,full,hpierce,2021-05-21,2024-06-03
1285,free,jennifer09,2021-09-14,2024-01-17
1286,full,cbeck,2021-04-20,2024-05-03
1287,free,charlesthompson,2021-10-08,2024-03-16
1288,free,danielledouglas,2022-11-20,2024-02-27
1289,full,palmerkevin,2021-04-30,2024-08-07
1290,basic,mjohns,2021-08-06,2024-02-07
1291,basic,matthewporter,2021-02-10,2024-03-23
1292,full,afuller,2022-01-16,2024-01-19
1293,full,steven46,2022-06-15,2024-05-27
1294,free,youngmichele,2023-02-14,2024-07-01
1295,free,kwilliams,2023-04-10,2024-08-16
1296,full,katrinahunt,2022-01-12,2023-12-08
1297,full,kaitlin40,2022-06-07,2024-02-14
1298,full,hilljulie,2021-01-10,2024-08-13
1299,basic,sullivanmark,2021-12-10,2024-02-19
1300,basic,anthony96,2022-11-03,2024-05-01
1301,basic,marilyn01,2021-01-26,2024-02-05
1302,free,thomasmartha,2023-01-16,2024-03-02
1303,basic,velezkayla,2021-12-20,2024-05-30
1304,free,eadams,2021-10-19,2024-08-24
1305,free,carpenterjill,2021-06-19,2024-09-22
1306,basic,kevin58,2021-06-16,2024-08-19
1307,full,josephcameron,2022-05-21,2023-12-24
1308,full,leslie62,2022-05-05,2023-11-20
1309,full,vperry,2021-01-24,2024-01-12
1310,full,sthomas,2023-05-01,2024-04-23
1311,basic,nicolas75,2022-08-06,2024-04-13
1312,full,cortezcarrie,2022-09-29,2024-09-22
1313,full,anita39,2022-04-24,2024-07-20
1314,free,christopherherring,2020-11-07,2024-02-20
1315,basic,russellvega,2023-04-16,2023-12-25
1316,basic,dtaylor,2023-09-21,2024-06-09
1317,free,kshaw,2021-08-13,2024-08-13
1318,free,xpratt,2021-10-25,2024-07-03
1319,free,robbinsgina,2021-04-10,2024-07-29
1320,free,joneserica,2023-07-02,2024-03-23
1321,basic,denise06,2023-01-11,2024-06-05
1322,free,lmcdonald,2021-03-31,2024-08-27
1323,free,tranpeggy,2023-09-14,2024-05-29
1324,full,nhunter,2023-02-11,2024-05-21
1325,basic,changmatthew,2021-09-03,2024-09-30
1326,full,ujoseph,2021-05-05,2024-09-13
1327,free,walkercharles,2021-10-29,2024-04-28
1328,basic,kenneth10,2023-03-11,2023-12-14
1329,basic,james85,2023-06-03,2024-08-28
1330,basic,browndiana,2020-10-21,2024-09-08
1331,basic,ncordova,2021-10-22,2023-11-09
1332,basic,jasminemoore,2021-02-07,2024-03-02
1333,free,imartin,2021-08-05,2024-07-12
1334,free,tammytownsend,2021-07-01,2024-08-07
1335,free,lisa30,2021-11-25,2024-09-11
1336,basic,oscar62,2021-05-12,2024-08-22
1337,free,ukim,2022-10-05,2024-07-21
1338,basic,patrickwade,2023-02-16,2024-09-04
1339,basic,ijones,2022-12-26,2023-12-10
1340,full,kmaynard,2023-05-21,2024-06-30
1341,full,tapiacourtney,2022-01-17,2023-12-17
1342,full,william32,2023-02-10,2023-12-30
1343,basic,jcarpenter,2023-04-01,2024-05-25
1344,free,greennicole,2023-03-16,2024-07-25
1345,basic,bridget28,2021-03-24,2023-12-27
1346,free,finleylisa,2023-01-02,2024-07-03
1347,full,hayley01,2021-09-18,2024-04-30
1348,full,staceysmith,2022-06-10,2024-01-02
1349,free,peter73,2022-09-01,2024-04-19
1350,full,butlermargaret,2023-08-31,2024-09-29
1351,full,wellsmary,2023-03-17,2024-06-06
1352,basic,stephen53,2022-08-07,2023-12-04
1353,free,brandon64,2022-11-22,2024-07-31
1354,full,dawsontrevor,2023-06-03,2023-11-09
1355,basic,cummingswilliam,2021-01-16,2024-06-10
1356,basic,mtorres,2021-05-20,2024-09-19
1357,full,ruth94,2021-05-25,2024-09-28
1358,full,matthew00,2023-06-28,2023-11-22
1359,free,matthewbaldwin,2022-04-03,2024-06-18
1360,basic,tkeith,2022-07-17,2024-06-06
1361,basic,robertbutler,2022-08-05,2024-04-05
1362,basic,annedixon,2021-06-11,2024-08-09
1363,basic,brittanymorrison,2021-12-03,2024-08-20
1364,basic,lsmith,2020-11-08,2024-05-20
1365,free,patricklaura,2022-04-07,2024-02-23
1366,full,fishermegan,2022-02-28,2024-07-10
1367,full,chapmanmichael,2021-04-06,2024-07-19
1368,free,shannonoconnor,2022-05-25,2024-07-20
1369,free,victoria08,2023-08-16,2023-12-30
1370,full,stevenbanks,2021-01-24,2024-04-25
1371,basic,gpetersen,2023-04-10,2023-12-18
1372,basic,zwalsh,2022-11-25,2024-03-12
1373,basic,christopher04,2020-12-20,2024-09-20
1374,free,cynthiasalinas,2021-08-06,2024-01-11
1375,free,sarahweeks,2022-04-17,2024-02-08
1376,full,michele27,2021-12-27,2024-04-26
1377,basic,rebeccawilson,2022-11-07,2024-02-28
1378,full,greenchristopher,2021-06-02,2023-11-04
1379,basic,daniel59,2021-01-25,2024-04-13
1380,free,martinnoah,2022-02-22,2024-01-13
1381,free,troy73,2020-11-26,2024-07-28
1382,free,emilywhite,2021-06-09,2024-04-12
1383,full,lindsey26,2020-11-16,2024-01-26
1384,basic,brandon28,2022-01-31,2024-03-19
1385,full,brandonbest,2023-01-24,2024-03-14
1386,full,spencermichael,2022-06-24,2023-12-08
1387,free,abbottandrew,2021-06-27,2024-05-28
1388,free,thomasbrown,2023-01-31,2024-02-26
1389,free,gary71,2021-11-28,2024-09-25
1390,basic,omay,2023-06-17,2024-03-29
1391,free,andrewlopez,2023-07-26,2024-03-27
1392,full,stevenpadilla,2021-12-01,2023-11-23
1393,full,billy81,2021-10-24,2024-02-03
1394,basic,richard71,2023-07-18,2024-07-19
1395,free,wanderson,2020-11-02,2024-06-08
1396,full,patricia06,2021-09-08,2024-02-01
1397,basic,theodore23,2023-02-04,2024-09-19
1398,basic,walkerronnie,2021-07-01,2024-05-28
1399,basic,gravesmichael,2021-12-13,2024-02-23
1400,free,bibarra,2020-10-24,2024-08-27
1401,free,joshuaarnold,2020-11-23,2024-04-02
1402,full,olivia55,2021-04-26,2024-08-18
1403,full,toni49,2021-07-19,2024-03-21
1404,basic,abigail31,2022-09-26,2024-01-20
1405,free,grahammario,2023-01-01,2024-06-11
1406,free,murraycharles,2022-03-08,2024-08-21
1407,full,wallison,2020-10-03,2024-02-26
1408,basic,rachel07,2021-05-17,2024-05-17
1409,basic,guerrerogeorge,2022-05-04,2024-03-04
1410,basic,angeldorsey,2022-05-24,2023-12-18
1411,basic,karenthompson,2021-09-30,2024-09-18
1412,basic,beckann,2023-06-04,2024-09-12
1413,free,pcuevas,2021-06-10,2024-03-03
1414,basic,friedmantabitha,2022-04-24,2024-04-14
1415,free,melissaestrada,2022-07-09,2024-08-13
1416,free,darius18,2023-01-05,2024-01-04
1417,free,lbrown,2022-09-16,2024-05-17
1418,basic,powellshelia,2022-07-21,2024-09-06
1419,full,sherylpoole,2023-06-07,2024-06-03
1420,basic,brianthomas,2022-09-09,2024-01-02
1421,full,shannonreilly,2022-12-13,2024-05-22
1422,basic,zhall,2022-08-23,2024-01-02
1423,basic,zdavis,2023-07-20,2024-01-21
1424,free,rachel07,2021-01-27,2024-09-05
1425,basic,zbishop,2021-07-25,2024-01-21
1426,free,jamestracey,2020-11-10,2024-09-14
1427,basic,johnsonsherry,2022-04-12,2024-03-25
1428,basic,baileyelizabeth,2022-07-14,2024-09-13
1429,basic,markwilson,2023-02-07,2024-01-27
1430,basic,esantos,2020-11-10,2024-09-20
1431,full,paulhurley,2022-05-25,2023-11-24
1432,full,traci28,2022-06-13,2024-02-26
1433,basic,xperry,2021-01-10,2023-11-17
1434,basic,john95,2022-05-22,2023-11-09
1435,free,iscott,2021-04-13,2024-02-08
1436,basic,moorebrittany,2022-03-08,2024-03-19
1437,full,qjohnson,2021-12-22,2024-08-24
1438,full,nicholas30,2021-08-16,2023-11-17
1439,free,obest,2021-02-21,2024-09-26
1440,free,wodonnell,2022-11-23,2024-07-16
1441,full,landerson,2023-09-21,2024-02-02
1442,free,washingtontimothy,2022-02-16,2024-08-11
1443,full,gmarshall,2023-04-24,2023-12-28
1444,basic,thomas30,2023-05-12,2024-03-07
1445,free,mullenjason,2022-03-22,2024-09-28
1446,free,susanvaldez,2020-10-17,2024-06-27
1447,free,pameladunn,2022-10-05,2024-09-15
1448,free,ydixon,2022-03-08,2024-01-02
1449,basic,walkershannon,2020-12-05,2024-02-03
1450,full,oholloway,2022-03-12,2024-02-27
1451,full,fgutierrez,2020-10-21,2024-09-08
1452,full,mary70,2021-11-25,2023-12-10
1453,free,kjensen,2021-11-30,2024-01-13
1454,basic,stantonmichele,2022-12-10,2024-03-27
1455,full,steeleaaron,2020-12-08,2024-02-13
1456,free,watsonmichele,2022-03-29,2024-09-02
1457,basic,brittany11,2022-02-22,2024-06-25
1458,full,melissa21,2022-01-02,2024-04-26
1459,basic,tsnyder,2022-08-12,2023-12-09
1460,basic,rebecca61,2021-01-30,2024-08-20
1461,full,shieldschristopher,2023-03-10,2024-01-05
1462,free,hjackson,2021-12-30,2024-02-17
1463,free,morrisronald,2022-03-16,2024-04-29
1464,full,vincentkara,2022-05-29,2024-03-30
1465,basic,kayla62,2023-02-08,2024-06-18
1466,basic,uthompson,2022-04-07,2023-11-29
1467,basic,michaelcuevas,2020-11-17,2023-11-14
1468,basic,troycohen,2021-07-01,2024-01-19
1469,full,john83,2023-01-07,2024-08-13
1470,basic,jeremymartinez,2021-04-07,2024-04-16
1471,free,allisoncuevas,2022-10-25,2024-09-19
1472,basic,monicafloyd,2021-08-27,2023-11-20
1473,free,davidnelson,2020-10-08,2024-09-07
1474,full,colewendy,2020-10-24,2024-01-26
1475,free,allenjones,2021-04-13,2024-05-23
1476,basic,xshields,2022-03-10,2024-02-06
1477,free,waltersedward,2021-03-13,2024-01-08
1478,basic,ashleywilson,2022-01-14,2024-07-10
1479,free,johnstonsteven,2021-03-30,2024-02-19
1480,basic,brenda22,2023-05-30,2024-06-17
1481,basic,glenn38,2023-03-02,2024-03-14
1482,basic,brian65,2023-01-04,2024-04-22
1483,full,nicholasbrown,2021-10-27,2024-09-22
1484,basic,daviseric,2022-09-14,2024-02-28
1485,basic,aliciawallace,2023-01-04,2024-08-24
1486,free,anthony19,2022-05-24,2024-08-21
1487,free,leah91,2022-10-02,2024-09-22
1488,free,rhodesrobert,2021-10-18,2024-07-12
1489,free,whitakermelissa,2023-08-30,2024-05-06
1490,basic,jason70,2022-12-05,2024-05-31
1491,free,lopezjack,2023-06-12,2024-07-31
1492,free,nguyennicole,2023-08-06,2024-09-24
1493,free,kristen45,2023-08-30,2024-08-02
1494,basic,johnchen,2020-10-13,2024-09-04
1495,free,ljones,2023-01-17,2024-03-18
1496,full,bartonjoseph,2022-04-24,2024-08-16
1497,basic,hernandezkelsey,2022-02-28,2024-07-31
1498,full,tsingh,2021-08-23,2024-02-12
1499,basic,kimberly49,2022-06-12,2024-07-25
1500,basic,robertallen,2021-03-18,2024-06-07
1501,full,harriscynthia,2022-04-16,2023-11-11
1502,free,tschaefer,2021-08-08,2024-08-03
1503,free,amymoran,2022-10-29,2024-08-14
1504,full,kimberly38,2020-10-21,2024-01-23
1505,free,shane59,2021-04-28,2024-04-17
1506,basic,shawjeremy,2021-02-11,2024-09-07
1507,free,margaret01,2023-08-12,2024-05-11
1508,basic,hharper,2022-12-30,2023-11-08
1509,full,fjones,2021-02-01,2024-08-29
1510,basic,joseph28,2023-08-04,2023-11-11
1511,free,evan95,2021-05-21,2024-04-08
1512,free,iortiz,2021-02-02,2024-07-07
1513,basic,williamsmatthew,2023-05-04,2024-07-06
1514,full,sellerskimberly,2022-12-31,2023-11-26
1515,free,fgray,2023-05-24,2024-06-10
1516,full,colemandavid,2021-08-10,2024-09-10
1517,full,fgray,2023-09-15,2024-03-18
1518,free,loriwilson,2021-06-22,2024-02-24
1519,free,georgederek,2021-08-03,2024-09-08
1520,free,tdrake,2022-04-17,2024-08-29
1521,free,traci26,2023-09-16,2024-04-12
1522,full,jonesjordan,2023-05-20,2024-02-18
1523,full,ryansimmons,2021-06-25,2024-06-27
1524,full,rmartinez,2021-02-26,2024-06-19
1525,full,ellismicheal,2021-11-14,2024-09-03
1526,full,garrettmurphy,2023-08-19,2024-04-08
1527,basic,johnford,2022-12-04,2024-07-13
1528,free,aschneider,2023-08-01,2024-08-22
1529,basic,ccook,2021-05-20,2024-08-16
1530,basic,adamhoffman,2023-08-29,2024-01-29
1531,free,edward42,2023-02-03,2024-05-23
1532,full,wilkersonmary,2023-07-07,2024-02-17
1533,basic,davidmartinez,2021-08-11,2024-03-30
1534,free,smithwayne,2021-03-17,2024-09-24
1535,basic,colton78,2022-01-30,2024-07-23
1536,basic,paulavila,2021-12-14,2024-07-27
1537,basic,blake87,2022-05-15,2024-01-08
1538,basic,bishoppatricia,2021-05-17,2023-12-07
1539,free,ssparks,2023-09-14,2024-04-06
1540,basic,emarquez,2023-09-03,2023-11-28
1541,basic,aliciacarlson,2021-01-22,2024-06-19
1542,basic,alexander85,2021-02-07,2024-05-02
1543,basic,peter98,2021-09-01,2024-08-02
1544,basic,aruiz,2021-12-22,2024-05-12
1545,full,marshalldanielle,2022-01-17,2024-05-19
1546,basic,fharper,2022-07-26,2023-11-01
1547,full,zbarnes,2021-10-12,2024-06-27
1548,full,awilliams,2023-03-17,2024-05-04
1549,full,andre16,2021-04-10,2024-09-17
1550,basic,azhang,2023-03-06,2024-09-18
1551,free,joseph13,2021-05-15,2024-03-20
1552,basic,dcarlson,2022-01-15,2024-07-09
1553,basic,vestrada,2021-07-19,2023-11-25
1554,full,cyang,2021-09-15,2023-11-10
1555,full,ocabrera,2023-01-03,2024-07-24
1556,basic,kgarcia,2021-09-08,2024-06-15
1557,full,harry60,2022-12-28,2024-03-12
1558,basic,griffinmichael,2021-03-08,2024-09-01
1559,free,vward,2022-10-20,2024-04-13
1560,basic,erin80,2021-02-07,2024-06-22
1561,basic,cassandra51,2023-02-18,2024-01-10
1562,full,lleonard,2022-12-09,2024-06-06
1563,free,xcampbell,2023-03-17,2024-04-07
1564,basic,rblackwell,2023-08-17,2024-07-30
1565,full,stephenlam,2023-04-23,2024-01-21
1566,full,andersonmichael,2023-08-25,2024-06-02
1567,basic,caitlynowen,2021-12-02,2024-02-14
1568,basic,michael90,2021-06-24,2024-07-19
1569,full,mccarthydaniel,2020-12-25,2024-04-13
1570,basic,vaughanderek,2021-06-19,2024-01-22
1571,basic,kaustin,2022-03-05,2024-09-04
1572,basic,bortiz,2022-12-27,2024-05-20
1573,free,john33,2021-05-08,2024-06-16
1574,basic,brianna07,2021-07-21,2023-12-07
1575,full,marshalljohn,2021-10-31,2023-11-10
1576,basic,caseymoore,2021-02-14,2024-08-23
1577,basic,frank77,2021-01-26,2024-09-08
1578,full,lorireese,2022-06-20,2023-12-04
1579,basic,morrowmelissa,2022-11-13,2024-07-08
1580,full,upowell,2022-05-09,2024-07-16
1581,basic,alisonroberts,2020-12-04,2024-04-05
1582,free,umorris,2022-01-11,2024-03-28
1583,basic,jessicamills,2021-12-31,2024-09-02
1584,full,joshua36,2021-04-02,2024-07-19
1585,basic,frostsharon,2022-02-08,2023-11-03
1586,full,rmartin,2021-11-07,2024-05-27
1587,full,pearsonkatrina,2022-06-14,2024-05-29
1588,basic,catherine38,2021-02-08,2024-07-15
1589,full,ycrawford,2022-08-05,2023-12-12
1590,full,anthonybrooks,2022-09-30,2024-06-04
1591,basic,dianeriley,2021-01-01,2024-09-07
1592,free,huntmary,2023-03-28,2024-08-05
1593,basic,geraldjohnson,2023-06-06,2024-01-02
1594,basic,tadams,2023-03-31,2024-02-10
1595,full,gregoryhall,2022-05-11,2023-11-12
1596,full,michelleyang,2021-02-14,2024-08-31
1597,free,robinallison,2022-08-23,2024-02-20
1598,free,changdaniel,2020-11-29,2024-07-02
1599,free,jacobjohnson,2022-03-14,2024-09-14
1600,free,sruiz,2021-03-07,2024-04-14
1601,basic,jonathan04,2022-06-28,2024-08-18
1602,full,kwiley,2021-01-16,2024-02-06
1603,basic,kimberlygalvan,2021-11-09,2024-07-11
1604,free,johnlee,2023-03-10,2024-06-30
1605,full,rodriguezalan,2022-04-14,2024-01-20
1606,free,leachjenny,2022-02-03,2024-05-27
1607,basic,imorse,2022-01-26,2024-05-03
1608,free,lbaxter,2022-05-09,2024-06-28
1609,basic,alexanderclark,2021-12-16,2024-07-24
1610,free,lisa74,2023-02-06,2024-08-05
1611,full,andrewoliver,2021-05-18,2024-06-24
1612,basic,petersontricia,2021-10-21,2024-06-13
1613,basic,adam97,2023-01-28,2024-08-17
1614,full,riveracynthia,2022-08-15,2024-05-14
1615,free,christopher61,2022-09-08,2024-03-31
1616,full,mitchelllauren,2021-06-14,2024-07-28
1617,free,callahanchristian,2021-08-02,2024-07-06
1618,basic,carteraustin,2021-08-17,2024-03-29
1619,basic,henry81,2020-12-31,2023-12-23
1620,full,watsonsamantha,2020-10-11,2023-12-31
1621,basic,tonychapman,2023-05-20,2024-02-23
1622,basic,michael40,2021-05-19,2023-12-19
1623,full,caitlinevans,2021-11-22,2023-12-11
1624,free,monica67,2021-09-29,2024-05-16
1625,basic,mccalljoseph,2021-08-13,2024-09-21
1626,free,alice25,2022-10-23,2024-06-24
1627,basic,longsara,2022-11-29,2024-07-24
1628,full,benjamin43,2023-05-28,2024-09-12
1629,basic,carrollshelby,2023-02-18,2024-03-16
1630,full,elane,2023-09-21,2024-06-02
1631,full,ruizyolanda,2021-11-25,2024-04-03
1632,basic,douglaspatrick,2023-06-27,2024-09-27
1633,free,andreajohnson,2023-04-28,2024-03-30
1634,basic,schmidttraci,2022-05-08,2024-09-04
1635,free,browncheyenne,2023-08-28,2024-07-21
1636,basic,maria89,2022-11-03,2024-01-11
1637,basic,qblair,2021-04-09,2024-06-29
1638,full,dayalexander,2020-12-01,2023-12-27
1639,full,toddjohnson,2022-03-21,2024-07-20
1640,basic,jclark,2022-07-31,2024-06-19
1641,full,vasquezjason,2021-11-28,2024-06-15
1642,basic,mdonovan,2023-01-27,2024-08-19
1643,full,laurie03,2022-10-13,2024-06-09
1644,basic,ejones,2021-08-17,2024-03-01
1645,basic,josephmccarty,2022-08-30,2024-09-18
1646,free,richard53,2022-08-22,2024-05-15
1647,free,scottglenn,2022-12-30,2024-08-03
1648,full,watersscott,2022-05-26,2024-07-27
1649,basic,catherine13,2022-08-14,2024-08-05
1650,free,rubenlopez,2021-06-02,2024-01-06
1651,free,sarah87,2020-11-27,2024-04-14
1652,basic,spencertodd,2022-08-27,2023-12-02
1653,free,markmoore,2022-02-01,2024-06-27
1654,free,xjohnson,2023-03-13,2024-03-11
1655,free,fdickerson,2021-05-30,2024-02-24
1656,free,cgonzalez,2023-02-26,2024-05-19
1657,basic,pwise,2022-12-31,2024-04-12
1658,full,brittany00,2023-02-28,2024-09-17
1659,free,jayhill,2022-03-22,2024-01-15
1660,full,cody99,2022-07-20,2023-12-11
1661,full,reynoldschristopher,2020-10-21,2024-02-05
1662,full,roycabrera,2022-08-29,2023-12-15
1663,basic,julia77,2021-10-29,2023-12-17
1664,full,henry83,2022-09-29,2024-06-23
1665,full,garciajessica,2022-10-30,2024-02-07
1666,free,hthompson,2022-12-11,2024-07-31
1667,basic,xlewis,2021-09-12,2024-01-17
1668,basic,mbutler,2022-12-17,2024-01-01
1669,free,moorecheryl,2021-04-28,2024-03-25
1670,free,wagnercarol,2022-09-23,2024-06-23
1671,free,usolomon,2021-08-26,2024-08-15
1672,free,nbryant,2021-09-20,2024-07-18
1673,basic,kelly80,2023-08-16,2024-08-01
1674,basic,oharrison,2022-03-21,2024-07-27
1675,full,joneskristine,2022-06-29,2024-06-27
1676,free,zdean,2023-01-19,2024-04-06
1677,full,nford,2021-10-17,2024-04-09
1678,free,bennettchristina,2023-06-05,2024-01-07
1679,basic,sharon45,2021-05-29,2024-08-27
1680,basic,nancygutierrez,2021-06-30,2023-12-10
1681,basic,castilloabigail,2022-01-30,2024-04-21
1682,full,robertturner,2022-06-03,2024-04-04
1683,basic,courtneyhenry,2021-12-10,2023-12-26
1684,basic,xbarron,2023-08-08,2024-05-09
1685,free,john76,2022-03-08,2024-06-01
1686,basic,robert53,2022-10-30,2024-04-16
1687,basic,williamkaiser,2020-12-01,2023-12-21
1688,free,adammiller,2022-10-19,2024-07-17
1689,free,lauren35,2023-08-27,2024-07-10
1690,full,stephenjones,2021-09-23,2024-08-27
1691,full,sbanks,2023-08-06,2024-05-24
1692,basic,taylor63,2021-03-01,2024-07-13
1693,free,sean09,2021-06-25,2024-08-09
1694,full,erincarney,2021-09-03,2024-07-03
1695,free,stevenstevenson,2021-06-04,2024-02-11
1696,full,wadekevin,2021-11-22,2024-05-12
1697,free,lesliephillips,2022-07-21,2024-06-22
1698,free,ggross,2021-04-09,2024-06-19
1699,free,lthomas,2021-08-23,2024-07-21
1700,free,ajackson,2023-02-05,2024-09-17
1701,free,isaacflores,2021-04-26,2024-04-03
1702,full,sjones,2020-11-19,2024-01-19
1703,free,sullivanmelvin,2023-02-03,2024-05-19
1704,basic,bradleyedward,2021-05-19,2023-11-04
1705,basic,carlsonsara,2022-11-28,2024-03-29
1706,basic,pamelagarcia,2022-06-13,2024-03-03
1707,basic,christopher51,2022-11-02,2024-07-05
1708,full,sharon53,2022-06-21,2024-06-23
1709,full,rferguson,2021-01-25,2023-11-17
1710,basic,erica24,2023-06-10,2024-05-26
1711,full,rachel77,2023-07-30,2024-01-28
1712,free,kelly31,2023-08-24,2024-04-10
1713,basic,iray,2021-09-19,2023-11-23
1714,free,lrichard,2022-03-28,2024-05-10
1715,basic,ubriggs,2020-11-10,2024-06-10
1716,full,ylamb,2020-12-20,2024-07-30
1717,full,crosssharon,2021-12-20,2024-06-26
1718,full,audreyguerrero,2021-04-09,2024-06-20
1719,full,denniscuevas,2023-09-04,2024-09-17
1720,full,stonerachel,2021-06-11,2024-07-13
1721,free,kmiller,2021-08-29,2024-03-27
1722,full,vconrad,2023-04-24,2024-07-31
1723,basic,francisann,2021-01-23,2024-02-13
1724,free,johnbailey,2020-09-30,2024-03-27
1725,full,blairjillian,2021-06-12,2023-12-13
1726,full,tylersamantha,2022-09-30,2024-01-24
1727,free,christopher36,2021-03-08,2024-07-30
1728,basic,williamsdouglas,2022-06-25,2024-09-19
1729,free,nicoletaylor,2022-07-02,2024-03-02
1730,full,omarsimmons,2021-04-21,2024-06-10
1731,full,scottriley,2021-05-30,2024-05-28
1732,full,currylindsay,2020-11-16,2024-08-22
1733,free,richardibarra,2023-07-01,2024-01-03
1734,basic,earlguerrero,2022-06-26,2024-01-12
1735,free,alicewilson,2022-12-12,2024-04-19
1736,full,mcneiljohn,2022-01-17,2023-12-18
1737,free,blackbilly,2023-09-07,2024-01-30
1738,free,ymatthews,2023-09-14,2024-05-27
1739,free,eadams,2023-06-27,2024-08-22
1740,basic,chanjames,2022-09-26,2024-05-07
1741,basic,vspencer,2021-10-17,2023-11-08
1742,basic,mannchristina,2021-11-17,2023-11-25
1743,full,lfrazier,2022-11-06,2024-09-06
1744,basic,melissamorrison,2021-05-08,2024-04-25
1745,basic,isaacclay,2023-09-12,2024-07-25
1746,free,paulamendoza,2022-12-26,2024-09-07
1747,full,kingdenise,2022-05-19,2024-06-15
1748,basic,gloverlisa,2021-05-24,2024-06-21
1749,full,josephpruitt,2021-09-07,2024-04-23
1750,basic,trujillojesus,2020-11-21,2023-11-13
1751,full,lisa83,2021-08-19,2023-12-30
1752,basic,gilbertjulie,2021-12-23,2023-11-28
1753,free,ernest58,2022-10-25,2024-01-22
1754,free,mosleyfrank,2022-04-19,2024-04-08
1755,free,jason45,2023-04-04,2024-04-12
1756,full,mcfarlanderic,2022-10-20,2024-06-21
1757,full,fford,2023-09-17,2023-12-04
1758,full,joe60,2021-01-25,2024-04-17
1759,full,harrisonsharon,2023-08-22,2023-12-18
1760,free,bbaird,2023-09-22,2024-03-27
1761,full,jonathanacosta,2023-09-29,2024-01-08
1762,basic,morganmary,2023-02-16,2024-09-13
1763,full,robertsilva,2022-09-30,2024-06-18
1764,basic,ronald03,2021-04-01,2024-03-12
1765,free,rholt,2021-08-03,2024-08-02
1766,free,meredith12,2023-07-10,2024-02-05
1767,basic,ahughes,2022-03-23,2024-03-06
1768,full,amanda65,2023-01-23,2023-11-11
1769,free,svargas,2022-02-02,2024-06-16
1770,basic,ybrown,2020-10-07,2024-01-07
1771,full,anthony60,2021-03-16,2024-05-22
1772,basic,staceybrown,2021-02-25,2024-03-09
1773,full,evanharper,2023-09-21,2024-03-07
1774,basic,autumnjones,2021-12-05,2024-08-02
1775,free,michael64,2021-06-29,2024-06-16
1776,full,phogan,2022-01-26,2024-08-08
1777,full,xrush,2020-10-15,2024-05-17
1778,full,xking,2021-05-06,2024-09-04
1779,full,blewis,2022-07-01,2024-01-20
1780,basic,leachmelissa,2021-05-18,2024-04-12
1781,basic,gonzaleswilliam,2021-08-14,2023-11-25
1782,basic,karen02,2023-07-30,2024-02-05
1783,basic,mobrien,2021-12-18,2024-06-17
1784,basic,downsmia,2023-09-07,2024-01-29
1785,free,osbornemarc,2022-08-19,2024-03-10
1786,free,carlos86,2023-08-26,2024-01-16
1787,full,caldwelljessica,2021-09-03,2024-04-07
1788,full,ebrown,2023-01-31,2023-12-28
1789,free,flee,2022-09-07,2024-03-14
1790,full,thompsonsara,2023-06-28,2024-01-05
1791,free,shellyanderson,2021-12-25,2024-06-03
1792,full,bjensen,2023-06-12,2023-12-29
1793,free,kennethgallagher,2021-12-27,2024-08-09
1794,basic,gillespiescott,2021-07-05,2023-10-31
1795,basic,adamsgabrielle,2023-05-18,2024-06-16
1796,free,browndan,2022-05-03,2024-02-18
1797,free,devin97,2023-02-14,2024-02-28
1798,full,crichards,2021-12-28,2024-06-26
1799,full,christinewilliamson,2021-03-27,2024-09-17
1800,free,evelynpierce,2022-06-18,2024-06-29
1801,free,spreston,2022-10-09,2024-09-26
1802,free,ryanatkinson,2022-04-17,2024-06-06
1803,full,dfrench,2023-04-19,2024-05-21
1804,full,nataliereyes,2021-03-30,2023-12-17
1805,free,vrichmond,2021-05-29,2024-05-10
1806,basic,matthew00,2021-07-25,2023-12-18
1807,basic,spencerward,2023-04-15,2023-11-22
1808,basic,debbie35,2022-01-12,2024-04-05
1809,free,georgekelly,2022-11-17,2024-09-22
1810,full,sonya29,2020-11-09,2024-02-04
1811,basic,campbellcarlos,2022-05-21,2024-08-27
1812,full,tburke,2021-03-10,2023-11-02
1813,basic,gmartin,2023-01-24,2024-09-17
1814,basic,vsanders,2023-03-26,2024-09-26
1815,basic,maldonadograce,2022-11-17,2023-12-09
1816,full,chad00,2021-07-02,2024-03-02
1817,free,melissarodriguez,2022-05-12,2024-06-14
1818,basic,gadams,2020-11-10,2024-03-19
1819,full,kimberly67,2022-10-18,2024-03-23
1820,full,wmorris,2023-07-01,2023-12-15
1821,basic,tiffanyfischer,2021-11-03,2023-12-26
1822,full,andrew70,2022-04-24,2023-11-10
1823,full,maryjensen,2022-12-09,2024-07-09
1824,basic,joshua89,2023-02-10,2024-09-20
1825,full,tramirez,2022-06-26,2024-02-28
1826,full,sonya10,2022-01-26,2024-05-23
1827,free,jonesaimee,2022-05-07,2024-03-11
1828,basic,bernard31,2022-08-22,2024-01-28
1829,basic,frank54,2020-10-24,2024-08-03
1830,full,derek32,2021-06-05,2024-09-23
1831,basic,waderobert,2021-03-30,2024-08-16
1832,basic,smithsean,2023-03-07,2024-05-13
1833,full,ericjacobs,2021-05-11,2024-03-09
1834,full,rrogers,2022-04-18,2023-12-20
1835,full,bwilliamson,2021-03-13,2024-03-13
1836,free,adam17,2022-12-07,2024-05-07
1837,full,alexisjohnson,2023-09-11,2024-05-06
1838,full,westsamantha,2022-09-04,2024-05-08
1839,full,pfisher,2021-04-20,2023-11-12
1840,free,ataylor,2021-02-07,2024-03-05
1841,full,isaac48,2021-08-29,2023-12-07
1842,basic,bandrews,2022-05-23,2024-04-27
1843,free,aliciaterry,2022-10-21,2024-09-28
1844,basic,rickyhughes,2021-08-22,2023-12-15
1845,full,paultucker,2022-11-16,2024-07-29
1846,basic,danielknight,2022-10-10,2024-05-20
1847,basic,johnsonvalerie,2021-03-30,2024-01-06
1848,full,christopher05,2021-11-06,2023-11-20
1849,basic,garciakristy,2023-01-23,2024-03-17
1850,basic,hallkathryn,2023-08-30,2024-05-12
1851,full,morganamy,2021-09-01,2024-06-17
1852,basic,egraham,2023-06-25,2024-09-05
1853,free,smcfarland,2021-12-10,2024-04-30
1854,free,ballrandy,2021-08-05,2024-04-22
1855,full,brianerickson,2022-05-17,2024-07-06
1856,basic,fjones,2022-04-26,2024-09-09
1857,free,ywells,2022-11-01,2024-09-21
1858,basic,mcdowellmichael,2020-11-06,2024-06-11
1859,basic,ftaylor,2021-09-06,2023-11-21
1860,basic,melanie98,2021-08-26,2024-01-07
1861,free,jeffrey25,2021-09-02,2024-07-13
1862,free,tinatorres,2021-08-25,2024-02-04
1863,full,trevormatthews,2023-03-14,2024-01-07
1864,free,kestrada,2021-11-29,2024-07-11
1865,full,salazarcourtney,2021-09-30,2023-11-13
1866,full,mary22,2023-06-07,2024-09-15
1867,basic,matthew12,2021-12-10,2024-02-13
1868,free,valerie46,2021-06-06,2024-02-16
1869,full,william51,2021-12-04,2024-09-23
1870,free,kempjacob,2023-07-18,2023-12-30
1871,full,washingtontanner,2021-08-14,2024-07-27
1872,basic,jackiebrooks,2021-04-14,2024-04-19
1873,free,ashley40,2023-04-26,2024-05-12
1874,basic,kelleybrenda,2022-10-07,2024-07-31
1875,basic,beckyfoster,2021-01-13,2024-03-04
1876,free,karawilson,2021-01-06,2024-03-05
1877,basic,sarah40,2022-10-15,2023-11-24
1878,free,caleb95,2023-08-06,2024-08-01
1879,full,larsonbrandon,2021-12-15,2024-05-18
1880,free,tyler47,2020-12-18,2024-05-05
1881,basic,charlesscott,2022-05-27,2024-08-14
1882,full,aguilarjennifer,2023-06-05,2024-03-26
1883,basic,kevinbush,2021-05-01,2024-02-20
1884,full,cynthiahoffman,2023-04-12,2024-09-29
1885,free,drobinson,2021-12-02,2024-05-26
1886,full,grossnorma,2022-07-01,2024-05-13
1887,full,lvaldez,2021-11-25,2024-07-08
1888,free,jason37,2021-09-21,2024-09-07
1889,full,cooperalicia,2023-08-18,2024-01-15
1890,basic,julie69,2020-11-15,2023-12-18
1891,free,brownsierra,2021-05-30,2024-02-22
1892,basic,mckenziejonathan,2023-02-19,2024-01-28
1893,free,swansoncraig,2022-01-13,2024-07-14
1894,full,esparzakelly,2021-06-26,2024-07-01
1895,basic,kellyholmes,2020-10-30,2024-07-02
1896,full,allisoneric,2022-10-07,2024-05-16
1897,basic,andrew35,2023-07-25,2024-09-19
1898,basic,clinton49,2021-03-06,2024-02-13
1899,basic,vwilliams,2023-06-17,2024-09-09
1900,basic,jmullins,2021-03-09,2024-04-28
1901,free,jwilliams,2021-05-09,2024-04-29
1902,full,francis41,2022-04-24,2024-04-22
1903,full,qfuentes,2021-07-28,2024-05-12
1904,basic,hcox,2023-05-01,2024-09-17
1905,full,patrick34,2021-12-01,2024-03-09
1906,free,james82,2022-10-27,2024-01-10
1907,full,davidwilson,2021-09-12,2024-07-02
1908,full,dustin15,2022-02-21,2024-02-17
1909,free,lauren65,2021-11-04,2024-01-07
1910,full,donnaedwards,2022-11-01,2023-12-12
1911,basic,fmorrow,2021-02-10,2024-06-23
1912,free,leemorgan,2022-05-27,2024-08-17
1913,free,jenniferrichards,2022-03-17,2024-08-18
1914,basic,sandranelson,2022-01-27,2024-05-02
1915,free,huberjesse,2021-12-05,2024-07-05
1916,free,ztaylor,2021-03-17,2024-05-24
1917,full,john28,2023-07-19,2024-07-24
1918,basic,robertspence,2023-07-15,2024-02-28
1919,basic,adkinskevin,2023-09-28,2024-02-16
1920,full,danielleharris,2021-11-22,2024-02-23
1921,basic,christinataylor,2021-12-07,2024-04-23
1922,free,moonkarina,2021-04-14,2024-04-05
1923,free,powelljamie,2020-11-13,2024-06-04
1924,full,smithluke,2023-02-09,2023-12-05
1925,free,margaretsilva,2021-10-18,2024-08-08
1926,basic,loganjohn,2021-09-07,2024-09-25
1927,basic,rknapp,2022-10-25,2024-02-17
1928,basic,brittanyfreeman,2021-07-11,2024-08-16
1929,full,iwilliams,2021-11-26,2024-02-01
1930,basic,michelle07,2021-06-30,2024-04-01
1931,full,villanuevagary,2021-06-23,2024-03-11
1932,free,wilsonpaula,2022-12-27,2024-04-27
1933,basic,vasquezkristin,2021-07-30,2024-02-14
1934,basic,nguyenariana,2021-10-28,2024-09-02
1935,free,elliottmelissa,2022-06-27,2024-08-26
1936,full,elizabeth39,2021-03-07,2024-02-03
1937,basic,christinascott,2023-09-17,2024-03-23
1938,basic,barbarafleming,2023-01-05,2024-01-02
1939,full,courtneyjames,2023-04-13,2023-12-28
1940,full,ramosdavid,2022-07-08,2024-09-15
1941,basic,wmaynard,2021-02-17,2024-05-12
1942,basic,jonesdonald,2022-04-04,2024-05-20
1943,full,zvazquez,2021-02-23,2024-07-13
1944,free,ufarrell,2022-10-16,2024-08-29
1945,free,joseph29,2022-02-27,2024-03-16
1946,full,brian76,2022-08-27,2024-07-28
1947,basic,matthewsoto,2021-06-20,2024-07-31
1948,full,frank71,2022-10-11,2024-01-29
1949,free,nrollins,2023-05-18,2024-07-31
1950,full,kerri91,2022-01-23,2024-09-04
1951,free,karen95,2021-06-03,2024-03-20
1952,free,abigailgreer,2022-02-24,2024-08-31
1953,full,davidowen,2021-01-14,2024-01-08
1954,basic,jeffreycooper,2021-12-08,2023-12-03
1955,basic,richardmichael,2020-11-03,2024-06-23
1956,basic,kevin44,2020-09-30,2024-05-17
1957,full,samuelhill,2022-10-12,2024-04-17
1958,full,grodriguez,2021-05-11,2024-01-26
1959,full,john17,2022-04-22,2024-08-01
1960,full,haleysweeney,2021-02-22,2024-03-22
1961,free,mortonjames,2021-01-07,2024-08-17
1962,full,anasanchez,2020-10-08,2024-08-13
1963,free,devinlivingston,2021-08-15,2024-08-26
1964,free,marisa38,2020-12-06,2024-03-22
1965,basic,john01,2021-04-06,2024-01-25
1966,basic,iramos,2023-03-16,2023-12-29
1967,basic,jasmine72,2023-09-28,2024-07-29
1968,basic,mariarosales,2020-12-29,2024-03-13
1969,basic,qjacobs,2022-11-23,2024-04-11
1970,free,connerjoshua,2023-05-22,2024-07-08
1971,basic,prattjoanne,2021-04-12,2023-12-21
1972,full,jeffreystevens,2022-10-30,2024-03-28
1973,free,prattnicole,2023-02-11,2024-09-17
1974,full,vancesean,2021-05-04,2023-12-12
1975,basic,thompsonmarissa,2022-11-05,2023-11-21
1976,free,stephaniemccullough,2021-06-11,2024-09-22
1977,basic,brittany66,2022-12-06,2024-09-07
1978,free,kayla97,2021-12-25,2024-08-06
1979,free,peggy96,2023-09-02,2024-02-13
1980,full,cody15,2021-05-31,2024-09-07
1981,basic,fosterlogan,2020-10-15,2024-02-11
1982,basic,gomezjeremy,2023-01-12,2024-01-20
1983,basic,cindy05,2022-08-08,2024-08-06
1984,full,uvasquez,2022-01-30,2024-01-15
1985,full,pvasquez,2022-02-28,2024-05-19
1986,free,kelly54,2022-10-09,2024-08-04
1987,full,justinlester,2021-03-03,2024-01-10
1988,basic,stonehannah,2022-03-15,2024-08-23
1989,free,marquezjoseph,2022-08-30,2024-04-07
1990,basic,owenskelly,2023-03-19,2024-02-11
1991,full,lsmith,2021-11-22,2024-08-03
1992,free,morganjulie,2023-07-01,2024-02-08
1993,basic,santiagomelvin,2022-01-28,2023-12-05
1994,basic,zhoward,2023-04-27,2024-09-07
1995,basic,theresa68,2023-03-17,2023-12-01
1996,full,tracy39,2022-11-13,2024-02-29
1997,free,tomswanson,2021-12-18,2024-04-01
1998,free,kim26,2021-09-09,2024-07-23
1999,free,brookehopkins,2023-07-31,2024-08-29
